Text,Score,Cleaned_Text
الذكاء الاصطناعي والذي يُعرف اختصارًا بـ AI هو تقنية ذات قدرات حل تشبه قدرات الإنسان في حل المشكلات. يبدو أن الذكاء الاصطناعي في العمل يحاكي الذكاء البشري - يمكنه التعرف على الصور وكتابة القصائد وإجراء تنبؤات قائمة على البيانات.,7.0,ذكء صطناع عرف خصر قني قدر تشب قدر ءنس شكل بدو ذكء صطناع عمل يحك ذكء بشر يمك عرف صور كتب قصءد ءجراء نبء قءم بين
يعرف الذكاء الاصطناعي بأنه الذكاء الذي تبديه الآلات والبرامج بما يحاكي القدرات الذهنية البشرية وأنماط عملها، مثل القدرة على التعلم والاستنتاج ورد الفعل على أوضاع لم تبرمج في الآلة، كما أنه اسم لحقل أكاديمي يعنى بكيفية صنع حواسيب وبرامج قادرة على اتخاذ سلوك ذكي.,8.0,عرف ذكء صطناع بءن ذكء بده ءءل رمج يحك قدر ذهن بشر ءنماط عملها، قدر علم ناج فعل ءوضاع رمج ءءلة، ءنه اسم حقل ءكاديم عنى بكف صنع حواسيب رمج قدر تخذ سلك ذكي
الذكاء الاصطناعي تعبير يطلق على القدرات التي تبديها الآلات والبرامج، بما يحاكي القدرات الذهنية للبشر، مثل التعلم والاستنتاج ورد الفعل على أوضاع لم تبرمج في الآلة، كما أنه اسم لحقل أكاديمي معني بكيفية صنع حواسيب وبرامج قادرة على اتخاذ سلوك ذكي.,9.0,ذكء صطناع عبر طلق قدر تبد ءءل رامج، يحك قدر ذهن شر، علم ناج فعل ءوضاع رمج ءءلة، ءنه اسم حقل ءكاديم عني بكف صنع حواسيب رمج قدر تخذ سلك ذكي
يرتبط مفهوم الذكاء الاصطناعي (بالإنجليزية: Artificial Intelligence) بالذكاء المرتبط بالأجهزة الرقمية أو الإلكترونية مثل؛ الكمبيوتر، الأجهزة الخلوية أو الروبوتات، ويعبر الذكاء الاصطناعي عن قدرة هذه الأجهزة الرقمية على أداء المهمات المرتبطة بالكائنات الذكية.[١],8.0,ربط فهم ذكء صطناع ءنجليزية ذكء ربط ءجهز رقم ءلكترونية ثل؛ كمبيوتر، ءجهز خلي روبوتات، عبر ذكء صطناع قدر ءجهز رقم ءدء مهم ربط كءن ذكية١
ينطبق مصطلح الذكاء الاصطناعي على الأنظمة التي تتمتع بالعمليات الفكرية للإنسان مثل؛ القدرة على التفكير، واكتشاف المعنى والتعلم من التجارب السابقة.[١],8.0,طبق صطلح ذكء صطناع ءنظم متع عمل فكر ءنس ثل؛ قدر كير، كشف عنى علم جرب قة١
ومن الأمثلة على العمليات التي تؤديها الأجهزة الرقمية والتي تعود لوجود الذكاء الاصطناعي؛ اكتشاف البراهين للنظريات الرياضية، ولعب الشطرنج، والتشخيص الطبي، ومحركات البحث على الشبكة، والتعرف على الصوت أو خط اليد.[١],8.0,ءمثل عمل تءد ءجهز رقم والتي تعد وجد ذكء اصطناعي؛ كشف بره نظر رياضية، لعب شطرنج، شخص طب، محر بحث شبكة، عرف صوت يد١
يعود تاريخ الذكاء الاصطناعي إلى الفلاسفة الكلاسيكيين في اليونان، وبدأت دراسة موضوع وجود الذكاء الاصطناعي في عام 1940 م في مدرسة فكرية تسمى الاتصالية، بحيث بدأت دراسة عملية التفكير فيها، وقدّم آلان تورينج ورقة بحثية يدرس فيها آلة للتفكير تقلد الإنسان دون وجود اختلافات ملحوظة فيها في عام 1950 م.[٢],7.0,يعد ارخ ذكء صطناع ءلى لسف كلس نن، بدء درس وضع وجد ذكء صطناع عام درس فكر سمى اتصالية، بحث بدء درس عمل فكر يه، قدم ءءل رينج ورق بحث درس ءءل فكر قلد ءنس وجد خلف لحظ عام
جاء هودجكين هكسلي بعده ليقدم نموذج يحاكي دماغ الإنسان على شكل شبكة كهربائية تمثل الخلايا العصبية، وتيار كهربائي يحاكي النبضات التي تشغل أو توقف الخلايا، وساعدت هذه النماذج والدراسات على إطلاق مفهوم الذكاء الاصطناعي عام 1956م في مؤتمر أقامته كلية دارتموث.[٢],7.0,جاء هودج هكسل بعد قدم وذج يحك دمغ ءنس شكل شبك كهرباءية مثل خلا عصبية، تير كهرباء يحك نبض شغل وقف خلايا، سعد اذج درس ءطلاق فهم ذكء صطناع عام ءمر ءقم كلة دارتموث٢
نظرًا لعدم توفر السرعات والسعات التخزينية العالية توقفت أبحاث الذكاء الاصطناعي لفترة طويلة، ثم استؤنفت في الثمانينات بعد تقديم الولايات المتحدة الأمريكية وبريطانيا مشروع الجيل الخامس في تكنولوجيا الكمبيوتر.[٢],6.0,نظر عدم وفر سرع سعت خزن علي وقف ءبحاث ذكء صطناع فتر طويلة، ءنف ثمن قدم ولي تحد ءمر برط شرع جيل خمس كنولوج كمبيوتر٢
في بداية التسعينات حولت أبحاث الذكاء الاصطناعي مجالها إلى ما يسمى بالوكيل الذكي، والذي يستخدم في خدمات استرداد الأخبار، والتسوق عبر الإنترنت وتصفح الويب، ولا يزال الباحثون يحاولون استخدام الذكاء الاصطناعي في مجالات غير مسبوقة مثل؛ المساعدات المادية التي تقدمها الروبوتات، وبرامج خدمة العملاء، والرد على الهاتف وغيرها.[٢],9.0,بدي سعن حول ءبحاث ذكء صطناع جال ءلى سمى وكل ذك، خدم خدم ردد ءخبار، تسق عبر ءنتر صفح يب، يزل بحث حول خدم ذكء صطناع جال سبق ثل؛ سعد ادة قدم روبوتات، رمج خدم عملاء، لرد هتف غيرها٢
يعمل الذكاء الاصطناعي في البيئة الرقمية من خلال توفر الأجهزة الرقمية والبرامج المتخصصة لتحليل وتصميم خوارزميات، والتعلم الآلي، وبشكل عام فإنّ نظام الذكاء الاصطناعي يستوعب كميات كبيرة من البيانات التدريبية.[٣],5.0,عمل ذكء صطناع بيء رقم خلل وفر ءجهز رقم رمج تخصص حلل صمم خوارزميات، علم ءءلي، شكل عام فءن نظم ذكء صطناع وعب كمي كبر بين تدريبية٣
تستخدم البيانات التدريبية في تكوين الارتباطات والأنماط التي تستخدم فيما بعد في بناء التنبؤات المستقبلية، مثل الرد الآلي في الروبوتات الذكية، وعملية تحديد الكائنات في الصور ووصفها من خلال مراجعة ملايين الأمثلة المحفوظة لدى الجهاز الذكي.[٣],7.0,خدم بين درب تكو ربط ءنماط خدم بنء نبء مستقبلية، لرد ءءل روبو ذكية، عمل حدد كءن صور وصف خلل رجع لاي ءمثل حفظ جهز ذك٣
"يدخل الذكاء الاصطناعي في العديد من المجالات الإلكترونية والرقمية، وهو موجود على أشكال مختلفة وفي أجهزة كثيرة، بحيث يحاكي الذكاء الموجود في العقل البشري، ويندرج الذكاء الاصطناعي تحت فئتين رئيسيتين، وهما كالآتي:
",7.0,دخل ذكء صطناع عدد جال ءلكترونية رقمية، وجد ءشكال خلف وفي ءجهز كثيرة، بحث يحك ذكء وجد عقل شر، درج ذكء صطناع فءت رءيسيتين، وهم ءءت
يعرف الذكاء الاصطناعي الضيق أيضًا باسم الذكاء الاصطناعي الضعيف، وهو نوع من أنواع الذكاء التي تحاكي الذكاء البشري ولكنه يختص بنوع واحد ومحدود من الذكاء، ويركز الذكاء الاصطناعي الضيق على أداء نوع واحد من المهمات ولكن بشكل جيد جدًا، بحيث يركز على تنفيذ مهمة واحدة باحترافية، ولكنه يعمل في ظل قيود أكثر بكثير من الذكاء البشري.[٤],5.0,عرف ذكء صطناع ضيق ءيض بسم ذكء صطناع ضعيف، نوع ءنواع ذكء حكي ذكء بشر ولك ختص بنع حدد ذكء، ركز ذكء صطناع ضيق ءدء نوع مهم شكل جيد جد، بحث ركز نفذ همة وحد باحترافية، ولك عمل قيد ءكثر كثر ذكء شر٤
يعرف الذكاء الاصطناعي العام أيضًا باسم الذكاء الاصطناعي القوي، وهو نوع من أنواع الذكاء الموجود في الآلات والأجهزة الذكية، ويمتاز الذكاء الاصطناعي العام بأنه نوع من الذكاء الموجود في الآلة والتي يكسبها ذكاءً عامًا مثل الإنسان، بحيث يستخدم هذا الذكاء في حل أي مشكلة.[٤],5.0,عرف ذكء صطناع عام ءيض بسم ذكء صطناع قو، نوع ءنواع ذكء وجد ءءل ءجهز ذكية، ماز ذكء صطناع عام بءن نوع ذكء وجد ءءل والتي كسب ذكء عما ءنسان، بحث خدم ذكء مشكلة٤
ومن أمثلة الأجهزة التي تتمتع بالذكاء الاصطناعي العام؛ الروبوتات التي تستخدم لإنجاز مهام عديدة والتي تتخذ قراراتها بناءً على الموقف، ولكن بناء الروبوتات التي تتمتع بذكاء شبيه بالموجود لدى الإنسان لا زال أمرًا صعبًا وبحاجة لبناء شبكات عصبية كبيرة ومعقدة كالموجودة في الدماغ.[٤],8.0,ءمثل ءجهز متع ذكء صطناع عم؛ روبو خدم ءنجاز هام عدد والتي تخذ قرر بنء وقف، بنء روبو متع ذكء شبه وجد ءنس زال ءمر صعب بحج بنء شبك عصب كبر عقد وجد دمغ٤
تعرف الآلات التفاعلية بأنها أبسط مستوى موجود للروبوت، إذ إنّها آلة مصممة للتعامل مع نوع واحد من البيانات والرد على المواقف الحالية فقط،[٥] وهي آلات غير قادرة على إنشاء الذكريات أو استخدام المعلومات الحالية لبناء واتخاذ القرارات المستقبلية للتحسين من مستواها أو تطوير ذكائها، وهي فقط مصممة للرد على الموقف الحالي.[٦],5.0,عرف ءءل فعل بءن ءبسط ستى وجد روبوت، ءنه ءءل صمم عمل نوع بين لرد وقف حلي قط،٥ وهي ءءل قدر ءنشاء ذكر خدم علم حلي بنء تخذ قرر مستقبلية تحس ستا طور ذكاءها، وهي فقط صمم لرد وقف حالي٦
من أمثلة الآلات التفاعلية؛ الآلات المصممة للعب الشطرنج ضد الإنسان مثل (Deep Blue) من (IBM)، حيث إنّ هذه الآلة مصممة للرد على حركات اللاعب من خلال تقييم القطع على رقعة الشطرنج وتحريكها وفقًا لاستراتيجيات اللعب المشفرة لديها.[٥],4.0,ءمثل ءءل تفاعلية؛ ءءل صمم لعب شطرنج ءنس ءءل صمم لرد حرك لعب خلل قيم قطع رقع شطرنج تحر وفق لاستراتيجي لعب شفر ديها٥
تعد آلة الذاكرة المحدودة آلة قادرة على تخزين عدد محدود من المعلومات المبنية على البيانات التي تعاملت معها آلة الذاكرة المحدودة سابقًا، بحيث يمكن لآلة الذاكرة المحدودة بناء المعرفة عن طريق الذاكرة وذلك عند اقترانها مع البيانات المبرمجة مسبقًا لديها.[٥],4.0,تعد ءءل ذكر حدد ءءل قدر تخز عدد حدد علم بنة بين عمل عها ءءل ذكر حدد بق، بحث يمكن ءءل ذكر حدد بنء عرف طرق ذكر وذل قرن بين برمج سبق ديها٥
من أمثلة الآلات التي تستخدم الذاكرة المحدودة؛ السيارات ذاتية القيادة، بحيث تخزن هذه السيارات البيانات المبرمجة مسبقًا مثل؛ الخرائط أو العلامات المرورية، ومقارنة هذه البيانات المخزنة مع المعلومات المحيطة بالسيارة مثل؛ سرعة واتجاهات السيارات القريبة وحركة المشاة جنبًا إلى جنب واتخاذ الإجراء المناسب بناءً على هذه البيانات.[٥],6.0,ءمثل ءءل خدم ذكر محدودة؛ سير ذتي قيادة، بحث تخز سير بين برمج سبق ثل؛ خرءط علم مرورية، قار بين خزن علم حيط سير ثل؛ سرع وتج سير قرب وحر شاة جنب ءلى جنب تخذ ءجراء نسب بنء نت٥
استخدمت نظرية العقل في تصميم الروبوت الشهير صوفيا، وهو روبوت قادر على استخدام المعلومات في التفاعل مع المواقف بطريقة تشبه الإنسان، والتي من شأنها تعليم الآلة أو الروبوت كيفية التصرف في موقف مختلف وجديد.[٥],6.0,خدم نظر عقل صمم روبو شهر صوفيا، روبو قدر خدم علم فعل وقف طرق تشب ءنسان، والتي شءن علم ءءل روبو كيف صرف وقف خلف جديد٥
تستند نظرية العقل في تطوير وتصميم الروبوتات التي تستخدم كروبوتات محادثة إلى العقل البشري الذي يستند إلى المشاعر والأفكار الموجودة لدى الإنسان قبل أن يقوم بعملية اتخاذ القرار، بحيث يقوم روبوت نظرية العقل صوفيا بالتحدث إلى البشر، واستخدام المعلومات والصور في اتخاذ القرار والرد على البشر، بالإضافة إلى إظهار تعبيرات وجهية مبهرة.[٥],7.0,سند نظر عقل طور صمم روبو خدم كروبو حدث ءلى عقل بشر سند ءلى شعر ءفكار وجد ءنس يقم عمل تخذ قرر، بحث يقم روبو نظر عقل صوف حدث ءلى شر، واستخدام علم صور تخذ قرر لرد شر، ءضف ءلى ءظهار عبر وجه مبهرة٥
تعد أجهزة الوعي الذاتي هدفًا نهائيًا لوجود الذكاء الاصطناعي، وهي أجهزة غير موجودة حاليًا، فهذه الآلات لديها وعي بمستوى الإنسان العقلي وتفهم سبب وجودها في هذا العالم، بحيث لا تطلب الآلة شيئًا تحتاجه فحسب، وإنما تفهم أنها بحاجة إلى شيء ما، وهذا يعني أن الآلة تفهم حالتها الداخلية بعمق وتستطيع التنبؤ بمشاعر الآخرين من حولها تمامًا كالبشر.[٥],8.0,تعد ءجهز وعي ذتي هدف نهء وجد ذكء اصطناعي، وهي ءجهز وجد حاليا، فهذ ءءل لدي وعي ستى ءنس عقل وتف سبب وجد عالم، بحث طلب ءءل شيء حاج حسب، وءن فهم ءنه بحج ءلى شيء ما، وهذا يعن ءءل فهم حلت دخل عمق تطع نبء شعر ءءخر حول تما شر٥
على سبيل المثال عندما يصرخ شخص أمامنا فإننا ندرك أنه غاضب، وهذا الاستنتاج مبني على المشاعر التي يشعرها الشخص نفسه، بحيث تعود هذه الاستنتاجات إلى وجود العقل.[٥],3.0,سبل ثال عند صرخ شخص ءمم فءن ندر ءنه غاضب، وهذا ناج بني شعر شعر شخص سه، بحث تعد ناج ءلى وجد عقل٥
إن لكل شيء فوائد، ولكن غالبًا ما يقابلها عيوب ومضار، وفيما يأتي توضيح لمزايا وعيوب الذكاء الاصطناعي:[٧],3.0,لكل شيء ءد، قبل عيب ضر، وفي يءت وضح لمز عيب ذكء اصطناعي٧
يستخدم الذكاء الاصطناعي في العديد من التطبيقات التكنولوجية والحياتية المهمة، والتي سهلت الكثير من مناحي الحياة وقامت بأداء وظائف مختلفة كانت مقتصرة على العقل البشري وحده،[٨] ومن أهم تطبيقات الذكاء الاصطناعي ما يأتي:[٩],5.0,خدم ذكء صطناع عدد طبق تكنولوجية حيت همة، والتي سهل كثر نحي حية وقم ءدء ظءف خلف كانت قصر عقل بشر حده،٨ ءهم طبق ذكء صطناع ءي٩
